CONN ADYENSYNC/development;

-- Print current active user
SHOW USER;

INSERT INTO VAN_COUNTRY (COUNTRYID, COUNTRYCODE, COUNTRY, DEFAULTVATID, VATNUMBERLENGTH, TELEPHONECOUNTRYCODE, POSTALCODEPICTUREFORMAT, POSTALCODELOOKUPAVAILABLE, CURRENCYID, VATCHECKTYPEID, VATREGULAREXPR)
VALUES (1, 'NL', 'Nederland', 3, NULL, '31', '#### &&', 'Y', 1, 3, NULL);
INSERT INTO VAN_COUNTRY (COUNTRYID, COUNTRYCODE, COUNTRY, DEFAULTVATID, VATNUMBERLENGTH, TELEPHONECOUNTRYCODE, POSTALCODEPICTUREFORMAT, POSTALCODELOOKUPAVAILABLE, CURRENCYID, VATCHECKTYPEID, VATREGULAREXPR)
VALUES (2, 'BE', 'België', 3, 10, '32', NULL, 'N', 1, 3, '^BE0[0-9]{9}$');

INSERT INTO VAN_SUBSIDIARY (SUBSIDIARYID, SUBSIDIARY, EXTERNALADMINISTRATION, COMPANYID, SHAREDSTOCKBASESUBSIDIARYID, RETURNSTOCKLOCATIONID, SUPPLIERID, CUSTOMERID, EXPORTADMINISTRATION, TERMSOFUSECPC, VATCOUNTRYID, CPCTASKHANDLINGSTOCKLOCATIONID)
VALUES (3, 'Coolblue n.v.', 'ICLNV2015', 2, NULL, 101, 2618, 3, 'CBNV_2015', NULL, 2, 101);
INSERT INTO VAN_SUBSIDIARY (SUBSIDIARYID, SUBSIDIARY, EXTERNALADMINISTRATION, COMPANYID, SHAREDSTOCKBASESUBSIDIARYID, RETURNSTOCKLOCATIONID, SUPPLIERID, CUSTOMERID, EXPORTADMINISTRATION, TERMSOFUSECPC, VATCOUNTRYID, CPCTASKHANDLINGSTOCKLOCATIONID)
VALUES (1, 'Coolblue b.v.', 'ICLCB2007', 1, NULL, 127, 2462, 2, 'CB_2015', NULL, 1, 127);
INSERT INTO VAN_SUBSIDIARY (SUBSIDIARYID, SUBSIDIARY, EXTERNALADMINISTRATION, COMPANYID, SHAREDSTOCKBASESUBSIDIARYID, RETURNSTOCKLOCATIONID, SUPPLIERID, CUSTOMERID, EXPORTADMINISTRATION, TERMSOFUSECPC, VATCOUNTRYID, CPCTASKHANDLINGSTOCKLOCATIONID)
VALUES (2, 'Qblue b.v.', 'ICLQB2007', 1, 1, NULL, NULL, NULL, NULL, NULL, 1, 127);

INSERT INTO VAN_LANGUAGE (LANGUAGEID, LANGUAGE, LANGUAGEISOCODE, LOCALE) VALUES (4, 'French (Belgium)', 'FR', 'fr_BE');
INSERT INTO VAN_LANGUAGE (LANGUAGEID, LANGUAGE, LANGUAGEISOCODE, LOCALE) VALUES (1, 'Dutch', 'NL', 'nl_NL');
INSERT INTO VAN_LANGUAGE (LANGUAGEID, LANGUAGE, LANGUAGEISOCODE, LOCALE) VALUES (2, 'English', 'EN', 'en_GB');
INSERT INTO VAN_LANGUAGE (LANGUAGEID, LANGUAGE, LANGUAGEISOCODE, LOCALE) VALUES (3, 'Disney', 'DI', 'di_DI');

INSERT INTO VAN_IDENTITYROLESTATE (IDENTITYROLESTATEID, IDENTITYROLESTATE) VALUES (4, 'Disabled');
INSERT INTO VAN_IDENTITYROLESTATE (IDENTITYROLESTATEID, IDENTITYROLESTATE) VALUES (5, 'Pre-registered');
INSERT INTO VAN_IDENTITYROLESTATE (IDENTITYROLESTATEID, IDENTITYROLESTATE) VALUES (1, 'Ok');
INSERT INTO VAN_IDENTITYROLESTATE (IDENTITYROLESTATEID, IDENTITYROLESTATE) VALUES (2, 'Reset password');
INSERT INTO VAN_IDENTITYROLESTATE (IDENTITYROLESTATEID, IDENTITYROLESTATE) VALUES (3, 'Temporarily Blocked');
INSERT INTO VAN_IDENTITYROLESTATE (IDENTITYROLESTATEID, IDENTITYROLESTATE) VALUES (6, 'Offline registration');

INSERT INTO VAN_ROLE (ROLEID, ROLENAME, IMPLICITROLE) VALUES (4, 'Anonymous', 'Y');
INSERT INTO VAN_ROLE (ROLEID, ROLENAME, IMPLICITROLE) VALUES (1, 'Customer', 'N');
INSERT INTO VAN_ROLE (ROLEID, ROLENAME, IMPLICITROLE) VALUES (2, 'Employee', 'N');
INSERT INTO VAN_ROLE (ROLEID, ROLENAME, IMPLICITROLE) VALUES (3, 'Owner', 'Y');

INSERT INTO VAN_COMPANY(COMPANYID, COMPANY, STREET, STREETNR, STREETNRADDITION, POSTALCODE, CITY, COUNTRYID, EMAIL, TELEPHONE, FAX, BANKACCOUNTID, SECONDARYBANKACCOUNTID, CODBANKACCOUNTID, DOMAIN, DELIVERYSTREET, DELIVERYSTREETNR, DELIVERYSTREETNRADDITION, DELIVERYPOSTALCODE, DELIVERYCITY, DELIVERYCOUNTRYID, VATNUMBER, COCNUMBER, MAINDISTRISTOCKLOCATIONID, RETURNEMAIL, PARENTCOMPANYID, SHOPID, GENERALLEDGERACCOUNT, GENERALLEDGERACCOUNTICL, RETURNTELEPHONE, OWNSTRANSPORTATION, RETURNFAX, EMAILSENDERNAME, WWW, SALESTELEPHONE, SALESFAX, PURCHASETELEPHONE, PURCHASEFAX, SALESCOMPANY, SALESSTOCKLOCATIONID, PURCHASECOMPANY, PURCHASESTOCKLOCATIONID, ACCOUNTEMAIL, FINANCETELEPHONE, FINANCEEMAIL, COMPLAINTSEMAIL, QUOTATIONEMAIL, EORICODE, MAINDISTRISTOCKCLUSTERID, INVOICEREMINDERTELEPHONE, INVOICEREMINDEREMAIL, INVOICEREMINDERSENDERNAME, INVOICEEMAIL) VALUES (2, 'Coolblue N.V.', 'Boomsesteenweg', '560', null, '2610', 'Antwerpen', 2, 'info_coolblue.be@coolblue.nl', '(+32)(0) 38082700', '(+32) (0) 38082743', 17, null, null, 'coolblue.be', 'Molenbaan', '17', null, '2908 LL', 'Capelle aan den IJssel', 1, 'BE0867686774', 'RPR Antwerpen', 101, 'claims_coolblue.nl@coolblue.nl', 3, 301, '340000', '8501', '(+32)(0)3 8082738', 'N', '(+32) (0)3 8082739', 'Coolblue N.V.', 'www.coolblue.be', '03-8082700', '03-2343100', '(+32)(0)3 8082700', '(+32) (0)3 8082743', 'Coolblue', 101, null, null, 'mijnaccount@coolblue.be', '(+32)(0)3 8082744', 'debiteuren@coolblue.be', 'defecten@coolblue.be', 'prijsopgave@coolblue.be', null, 3, '(+32) (0)3 8085703', 'debiteurenzakelijk@coolblue.be', 'Coolblue debiteuren zakelijk', null);
INSERT INTO VAN_COMPANY(COMPANYID, COMPANY, STREET, STREETNR, STREETNRADDITION, POSTALCODE, CITY, COUNTRYID, EMAIL, TELEPHONE, FAX, BANKACCOUNTID, SECONDARYBANKACCOUNTID, CODBANKACCOUNTID, DOMAIN, DELIVERYSTREET, DELIVERYSTREETNR, DELIVERYSTREETNRADDITION, DELIVERYPOSTALCODE, DELIVERYCITY, DELIVERYCOUNTRYID, VATNUMBER, COCNUMBER, MAINDISTRISTOCKLOCATIONID, RETURNEMAIL, PARENTCOMPANYID, SHOPID, GENERALLEDGERACCOUNT, GENERALLEDGERACCOUNTICL, RETURNTELEPHONE, OWNSTRANSPORTATION, RETURNFAX, EMAILSENDERNAME, WWW, SALESTELEPHONE, SALESFAX, PURCHASETELEPHONE, PURCHASEFAX, SALESCOMPANY, SALESSTOCKLOCATIONID, PURCHASECOMPANY, PURCHASESTOCKLOCATIONID, ACCOUNTEMAIL, FINANCETELEPHONE, FINANCEEMAIL, COMPLAINTSEMAIL, QUOTATIONEMAIL, EORICODE, MAINDISTRISTOCKCLUSTERID, INVOICEREMINDERTELEPHONE, INVOICEREMINDEREMAIL, INVOICEREMINDERSENDERNAME, INVOICEEMAIL) VALUES (1, 'Coolblue B.V.', 'Weena', '664', null, '3012 CN', 'Rotterdam', 1, 'info_coolblue.nl@coolblue.nl', '(+31)(0)10 2271516', '(+31)(0)10 7982054', 3, 3, 6, 'coolblue.nl', 'Molenbaan', '17', null, '2908 LL', 'Capelle aan den IJssel', 1, 'NL810433941B01', 'KvK Rotterdam 24330087', 41, 'claims_coolblue.nl@coolblue.nl', 3, 0, '3000', '8501', '(+31)(0)10 7988976', 'Y', '(+31)(0)10 7988985', 'Coolblue B.V.', 'www.coolblue.nl', '010-7988999', '010-2125351', '(+31)(0)10 7988999', '(+31)(0)10 7982054', 'Coolblue', 1, null, null, 'mijnaccount@coolblue.nl', '(+31)(0)10 7421764', 'debiteuren@coolblue.nl', 'defecten@coolblue.nl', 'prijsopgave@coolblue.nl', 'NL810433941', 2, '(+31) (0)10 7422647', 'debiteurenzakelijk@coolblue.nl', 'Coolblue debiteuren zakelijk', null);
INSERT INTO VAN_COMPANY(COMPANYID, COMPANY, STREET, STREETNR, STREETNRADDITION, POSTALCODE, CITY, COUNTRYID, EMAIL, TELEPHONE, FAX, BANKACCOUNTID, SECONDARYBANKACCOUNTID, CODBANKACCOUNTID, DOMAIN, DELIVERYSTREET, DELIVERYSTREETNR, DELIVERYSTREETNRADDITION, DELIVERYPOSTALCODE, DELIVERYCITY, DELIVERYCOUNTRYID, VATNUMBER, COCNUMBER, COMPANYLOGO, MAINDISTRISTOCKLOCATIONID, RETURNEMAIL, PARENTCOMPANYID, SHOPID, GENERALLEDGERACCOUNT, GENERALLEDGERACCOUNTICL, RETURNTELEPHONE, OWNSTRANSPORTATION, RETURNFAX, EMAILSENDERNAME, WWW, SALESTELEPHONE, SALESFAX, PURCHASETELEPHONE, PURCHASEFAX, SALESCOMPANY, SALESSTOCKLOCATIONID, PURCHASECOMPANY, PURCHASESTOCKLOCATIONID, ACCOUNTEMAIL, FINANCETELEPHONE, FINANCEEMAIL, COMPLAINTSEMAIL, QUOTATIONEMAIL, EORICODE, MAINDISTRISTOCKCLUSTERID, INVOICEREMINDERTELEPHONE, INVOICEREMINDEREMAIL, INVOICEREMINDERSENDERNAME, INVOICEEMAIL) VALUES (3, 'Coolblue Holding', 'Weena', '664', null, '3012 CN', 'Rotterdam', 1, 'info_coolblue.nl@coolblue.nl', '(+31)(0)10 2271516', '(+31)(0)10 7982054', 8, 3, 6, 'coolblue.nl', 'Molenbaan', '17', null, '2908 LL', 'Capelle aan den IJssel', 1, 'NL810433941B01', 'KvK Rotterdam 24330087', null, 41, 'rma_coolblue.nl@coolblue.nl', null, null, null, null, null, 'N', null, 'Coolblue Holding', null, '(+31)(0)10 2271516', '(+31)(0)10 7982054', '(+31)(0)10 2271516', '(+31)(0)10 7982054', 'Coolblue', null, null, null, 'mijnaccount@coolblue.nl', null, null, null, null, null, 2, null, null, null, null);
INSERT INTO VAN_COMPANY(COMPANYID, COMPANY, STREET, STREETNR, STREETNRADDITION, POSTALCODE, CITY, COUNTRYID, EMAIL, TELEPHONE, FAX, BANKACCOUNTID, SECONDARYBANKACCOUNTID, CODBANKACCOUNTID, DOMAIN, DELIVERYSTREET, DELIVERYSTREETNR, DELIVERYSTREETNRADDITION, DELIVERYPOSTALCODE, DELIVERYCITY, DELIVERYCOUNTRYID, VATNUMBER, COCNUMBER, COMPANYLOGO, MAINDISTRISTOCKLOCATIONID, RETURNEMAIL, PARENTCOMPANYID, SHOPID, GENERALLEDGERACCOUNT, GENERALLEDGERACCOUNTICL, RETURNTELEPHONE, OWNSTRANSPORTATION, RETURNFAX, EMAILSENDERNAME, WWW, SALESTELEPHONE, SALESFAX, PURCHASETELEPHONE, PURCHASEFAX, SALESCOMPANY, SALESSTOCKLOCATIONID, PURCHASECOMPANY, PURCHASESTOCKLOCATIONID, ACCOUNTEMAIL, FINANCETELEPHONE, FINANCEEMAIL, COMPLAINTSEMAIL, QUOTATIONEMAIL, EORICODE, MAINDISTRISTOCKCLUSTERID, INVOICEREMINDERTELEPHONE, INVOICEREMINDEREMAIL, INVOICEREMINDERSENDERNAME, INVOICEEMAIL) VALUES (4, 'Coolblue Disney', 'Mainstreet', '8', null, '8888', 'Disney City', 171, 'info_coolblue.di@coolblue.nl', '(+28)(0)12345', '(+28)(0)12345', 2288, null, null, 'coolblue.di', 'Molenbaan', '17', null, '2908 LL', 'Capelle aan den IJssel', 1, 'DI8104339418B01', 'KvK Disney City 24330087', null, 148, 'info_coolblue.di@coolblue.nl', 3, null, null, null, null, 'N', null, 'Coolblue Disney', 'www.coolblue.di', '(+28)(0)12345', '(+28)(0)12345', '(+28)(0)12345', '(+28)(0)12345', 'Coolblue', null, null, null, 'mijnaccount@coolblue.di', null, null, null, null, null, 141, null, null, null, null);

INSERT INTO VAN_IDENTITY (IDENTITYID, REGISTRATIONDATETIME, COMPANYID) VALUES (1, TO_DATE('1994-12-13 00:00:00', 'yyyy-mm-dd hh24:mi:ss'), 1);

INSERT INTO VAN_IDENTITYROLE (IDENTITYID, ROLEID, LANGUAGEID, EMAIL, CUSTOMERID, USERID, IDENTITYROLESTATEID, REGISTRATIONSHOPID, PASSWORDHASH) VALUES (1, 1, 1, 'test@coolblue.nl', 1, 1, 1, 1, '*');

INSERT INTO VAN_CUSTOMER (SHIPMENTADDRESSID, INVOICEADDRESSID, LANGUAGEID, LASTNAME, FIRSTNAME, INITIALS, GENDER, EMAIL, TELEPHONE, MOBILE, BANKNUMBER, COMPANY, VATNUMBER, VATNUMBERVALID, B2BCUSTOMER, INVOICEDELIVERYMETHODID, DATEOFBIRTH, CREDITCUSTOMER, PERSONID) VALUES (1, 2, 1, 'Smith', 'John', 'JS', 'M', 'test@coolblue.nl', '0612345678', '0612345678', 'ABNA1111', 'Test BV', 'VAT123', 'Y', 'Y', 1, TO_DATE('1994-12-13 00:00:00', 'yyyy-mm-dd hh24:mi:ss'), 'Y', 'abcd-efgh');

INSERT INTO VAN_USER (USERID, USERNAME, LASTNAME, FIRSTNAME, INITIALS, GENDER, EMAIL, ACTIVE, CUSTOMERID, STOCKLOCATIONID, ROAMING, STOCKROAMING, STOCKSTOCKLOCATIONID, HASHPIN, HASHPASSWORD, SYSTEMUSER) VALUES (1, 'test@coolblue.nl', 'Smith', 'John', 'JS', 'M', 'test@coolblue.nl', 'Y', 1, 1, 'Y', 'Y', 1, 'ABCD', 'ABCD', 'N');

INSERT INTO VAN_ADDRESS (ADDRESSID, STREET, STREETNR, POSTALCODE, CITY, COUNTRYID, LASTNAME, FIRSTNAME, INITIALS, GENDER, COMPANY) VALUES (1, 'Weena', '333', '2222AA', 'Rotterdam', '1', 'Smith', 'John', 'JS', 'M', 'Test BV');
INSERT INTO VAN_ADDRESS (ADDRESSID, STREET, STREETNR, POSTALCODE, CITY, COUNTRYID, LASTNAME, FIRSTNAME, INITIALS, GENDER, COMPANY) VALUES (2, 'Weena', '333', '2222AA', 'Rotterdam', '1', 'Smith', 'John', 'JS', 'M', 'Test BV');

INSERT INTO VAN_PAYMENTMETHOD (PAYMENTMETHODID, PAYMENTMETHOD, ACTIVE, PAYMENTDUEPERIOD, BANKNUMBERREQUIREDFORREFUND, AVAILABLEFORINVITETOPAY) VALUES (1, 'Creditcard', 'Y', '1234', 'N', 'Y');

INSERT INTO VAN_PAYMENTISSUER (PAYMENTISSUERID, PAYMENTMETHODID, PAYMENTISSUER, ACTIVE) VALUES (1, 1, 'MasterCard', 'Y');

INSERT INTO VAN_IDENTITYROLECCALIAS (IDENTITYROLECCALIASID, IDENTITYROLEID, PAYMENTISSUERID, CREDITCARDALIAS, CREDITCARDOWNER, CREDITCARDNUMBER, EXPIRATIONDATE) VALUES (1, 1, 1, 'Mastercard', 'John Smith', '1234-1234', TO_DATE('2050-02-12 15:06:26', 'yyyy-mm-dd hh24:mi:ss'));

INSERT INTO VAN_IDENTITYROLEPREFERENCE (IDENTITYROLEID, PAYMENTMETHODID, PAYMENTISSUERID, STOCKLOCATIONID, CARRIERDROPOFFLOCATIONID, IDENTITYROLECCALIASID) VALUES (1, 1, 1, 1, 1, 1);

INSERT INTO VAN_CARRIERDROPOFFLOCATION (CARRIERDROPOFFLOCATIONID, SHIPMENTCARRIERID, CARRIERDROPOFFLOCATIONNAME, CARRIERDROPOFFLOCATIONCODE, STREET, STREETNR, POSTALCODE, CITY, COUNTRYID, TELEPHONE, CARRIERDROPOFFLOCATIONTYPEID, SHIPMENTCARRIERGROUPID) VALUES (1, 1, 'Jumbo', 'ABCD123', 'Weena', '23', '1234AA', 'Rotterdam', 1, '010-12345678', 1, 1);

INSERT INTO VAN_CARRIERDROPOFFLOCATIONTYPE (CARRIERDROPOFFLOCATIONTYPEID, CARRIERDROPOFFLOCATIONTYPE) VALUES (1, 'store');

INSERT INTO VAN_CUSTOMER (B2BCUSTOMER, GENDER, INVOICEADDRESSID, SHIPMENTADDRESSID, EXPORTCUSTOMER, CUSTOMERGROUPID, PERSONID, EMAIL) values('N','?', 1, 1, 'N', 1, NULL, 'some_customer@coolblue.nl');

INSERT INTO VAN_SIMCUSTOMER (SIMCUSTOMERID, IDENTITYROLEID, CUSTOMERID, EMAIL, OPTIN, B2BCUSTOMER, CONFIRMED, LANGUAGEID) VALUES (1, 1, 1, 'test@coolblue.nl', 'Y', 'Y', 'Y', 1);

INSERT INTO VAN_SIMCUSTOMERCOMMUNICATION (SIMCUSTOMERCOMMUNICATIONID, SIMCUSTOMERID, SIMCOMMUNICATIONTYPEID, ACTIVE) VALUES (1, 1, 1, 'Y');

INSERT INTO VAN_SIMCOMMUNICATIONTYPE (SIMCOMMUNICATIONTYPEID, SIMCOMMUNICATIONTYPE, ACTIVE, ACTIVEDEFAULT) VALUES (1, 1, 'Y', 'Y');

INSERT INTO VAN_PAYMENTMETHOD (PAYMENTMETHODID, PAYMENTMETHOD, PAYMENTDUEPERIOD, ACTIVE, BANKNUMBERREQUIREDFORREFUND, AVAILABLEFORINVITETOPAY, DISPLAYTEXT, AUTOVERIFICATIONAMOUNT)
                       VALUES (57, 'ADYEN NL - IDEAL', 0, 'Y', 'Y', 'Y', 'IDEAL VIA ADYEN', NULL);

INSERT INTO VAN_PENDINGPAYMENT(PENDINGPAYMENTID, PAYMENTMETHODID, PENDINGPAYMENTDATETIME, CURRENCYID, AMOUNT, AMOUNTLOCAL, ROUNDAMOUNT, USERID, PAYMENTID, INVOICEID, ORDERID, CUSTOMERID, PAYMENTREFERENCE, PAYMENTSUBREFERENCE, STOCKLOCATIONID, INVITETOPAYID, PAYMENTTRANSACTIONID) 
                        VALUES(1, 57, sysdate, 1, 200, 200, 0, 1, null, null, null, 1, 'ABCDEFG', null, 1, null, null);
						
INSERT INTO VAN_INVITETOPAY (INVITETOPAYID, INVITETOPAYSTATEID, UNIQUEREFERENCE, SHOPID, CURRENCYID, AMOUNT, EXPIRYDATETIME, ORDERID, INVOICEID, CUSTOMERID, CUSTOMERINFORMATION, INVITATIONUSERID, INVITATIONDATETIME, CONFIRMATIONDATETIME, ALLOWPAYMENTCOST, LEAVEPAYMENTMETHOD, SENDSMS, SMSNUMBER)
  VALUES (1087370, 3, '57769CBB', 0, 1, 405.90000, TO_DATE('2019-03-19 00:00:00', 'YYYY-MM-DD HH24:MI:SS'), null, 28909192, null, null, 8727, TO_DATE('2018-09-20 08:00:26', 'YYYY-MM-DD HH24:MI:SS'), null, 'Y', 'N', 'N', null);

INSERT INTO VAN_ADYENSEPACONTRACT (ADYENSEPACONTRACTID, INITIALINVITETOPAYID, CONTRACTDETAILREFERENCE, STARTDATE, EXPIRATIONDATE, RECURRINGAMOUNT, ACTIVE, CREATIONDATETIME, LASTMODIFICATIONDATETIME)
  VALUES (1, 1087370, null, null, TO_DATE('2020-09-20 16:37:03', 'YYYY-MM-DD HH24:MI:SS'), 20.00000, 'N', TO_DATE('2018-09-20 16:37:35', 'YYYY-MM-DD HH24:MI:SS'), null);

INSERT INTO VAN_REFUNDPAYMENT(REFUNDPAYMENTID, USERID, REFUNDDATETIME, SETTLEPENDINGPAYMENTID, SETTLEPAYMENTID, REFUNDSTATEID, REFUNDINFO, REFUNDFEEDBACK, CREATIONDATETIME, LASTMODIFICATIONDATETIME, PAYMENTID, REFUNDSTAGEID)
  VALUES(1, 1, sysdate, 1, 1, 2, 'Adyen RefundID: ABCDEFG', 'ABCDEFG', sysdate, sysdate, 1, 2);